mina	which chapter?	XIII	P-786	telegram
mina	which chapter?	XIV	P-895	carriage
mina	which chapter?	XIV	P-895	train
mina	which chapter?	XVIII	P-1198	gun
mina	which chapter?	XIX	P-1262	train
mina	which chapter?	XX	P-1284	stamp
mina	which chapter?	XXII	P-1501	train
mina	which chapter?	XXIV	P-1593	phonograph
mina	which chapter?	XXIV	P-1604	phonograph
mina	which chapter?	XXIV	P-1604	electricity
mina	which chapter?	XXV	P-1678	telegram
mina	which chapter?	XXV	P-1683	telegram
mina	which chapter?	XXV	P-1700	train
mina	which chapter?	XXVI	P-1792	train
mina	which chapter?	XXVI	P-1792	carriage
mina	which chapter?	XXVI	P-1795	electricity
mina	which chapter?	XXVI	P-1795	engine
mina	which chapter?	XXVI	P-1795	carriage
mina	which chapter?	XXVII	P-1807	carriage
mina	which chapter?	XXVII	P-1813	carriage
mina	which chapter?	XXVII	P-1813	train
dracula	which chapter?	XVII	P-1127	telegram
dracula	which chapter?	XVII	P-1127	phonograph
dracula	which chapter?	XVIII	P-1198	gun
jonathan	which chapter?	V	P-197	typewriter
jonathan	which chapter?	IX	P-362	railway
jonathan	which chapter?	IX	P-362	train
jonathan	which chapter?	XII	P-674	train
jonathan	which chapter?	XIII	P-777	train
jonathan	which chapter?	XIII	P-784	carriage
jonathan	which chapter?	XIII	P-786	telegram
jonathan	which chapter?	XIV	P-817	train
jonathan	which chapter?	XIV	P-817	typewriter
jonathan	which chapter?	XIV	P-863	train
jonathan	which chapter?	XIV	P-874	telegram
jonathan	which chapter?	XVII	P-1088	telegram
jonathan	which chapter?	XVII	P-1088	train
jonathan	which chapter?	XVII	P-1126	typewriter
jonathan	which chapter?	XVII	P-1127	telegram
jonathan	which chapter?	XVII	P-1127	phonograph
jonathan	which chapter?	XVII	P-1129	telegram
jonathan	which chapter?	XVII	P-1129	typewriter
jonathan	which chapter?	XVII	P-1140	train
jonathan	which chapter?	XVIII	P-1198	gun
jonathan	which chapter?	XXI	P-1440	medical
jonathan	which chapter?	XXV	P-1698	train
jonathan	which chapter?	XXV	P-1700	train
jonathan	which chapter?	XXVI	P-1787	gun
jonathan	which chapter?	XXVI	P-1792	train
jonathan	which chapter?	XXVI	P-1792	carriage
jonathan	which chapter?	XXVI	P-1799	carriage
lucy	which chapter?	VII	P-303	gun
lucy	which chapter?	X	P-434	telegram
lucy	which chapter?	X	P-440	blood transfusion
lucy	which chapter?	X	P-458	blood transfusion
lucy	which chapter?	X	P-458	train
lucy	which chapter?	X	P-483	telegram
lucy	which chapter?	X	P-495	blood transfusion
lucy	which chapter?	X	P-495	medical
lucy	which chapter?	X	P-510	medical
lucy	which chapter?	XI	P-586	train
lucy	which chapter?	XI	P-591	train
lucy	which chapter?	XI	P-591	telegram
lucy	which chapter?	XI	P-591	phonograph
lucy	which chapter?	XII	P-630	medical
lucy	which chapter?	XII	P-635	telegram
lucy	which chapter?	XII	P-650	phonograph
lucy	which chapter?	XII	P-674	train
lucy	which chapter?	XIII	P-790	train
lucy	which chapter?	XIII	P-790	carriage
lucy	which chapter?	XIV	P-845	typewriter
lucy	which chapter?	XIV	P-910	electricity
lucy	which chapter?	XIV	P-910	oil
lucy	which chapter?	XVI	P-1060	oil
lucy	which chapter?	XVII	P-1115	phonograph
lucy	which chapter?	XVII	P-1126	typewriter
lucy	which chapter?	XVII	P-1140	train
lucy	which chapter?	XVIII	P-1198	gun
lucy	which chapter?	XIX	P-1245	electricity
holmwood	which chapter?	IX	P-424	telegram
renfield	which chapter?	XII	P-638	blood transfusion
renfield	which chapter?	XVII	P-1110	typewriter
renfield	which chapter?	XVII	P-1125	phonograph
renfield	which chapter?	XVII	P-1125	typewriter
renfield	which chapter?	XVII	P-1126	typewriter
renfield	which chapter?	XVII	P-1127	telegram
renfield	which chapter?	XVII	P-1127	phonograph
renfield	which chapter?	XVII	P-1140	train
renfield	which chapter?	XXI	P-1433	phonograph
renfield	which chapter?	XXV	P-1683	telegram
renfield	which chapter?	XXVI	P-1743	telegram
renfield	which chapter?	XXVI	P-1792	train
renfield	which chapter?	XXVI	P-1792	carriage
renfield	which chapter?	XXVI	P-1795	electricity
renfield	which chapter?	XXVI	P-1795	engine
renfield	which chapter?	XXVI	P-1795	carriage
morris	which chapter?	XII	P-630	medical
morris	which chapter?	XII	P-635	telegram
morris	which chapter?	XIII	P-790	train
morris	which chapter?	XIII	P-790	carriage
morris	which chapter?	XVI	P-1060	oil
morris	which chapter?	XVII	P-1127	telegram
morris	which chapter?	XVII	P-1127	phonograph
morris	which chapter?	XVII	P-1140	train
morris	which chapter?	XVIII	P-1198	gun
morris	which chapter?	XVIII	P-1202	gun
morris	which chapter?	XX	P-1377	medical
morris	which chapter?	XXII	P-1478	carriage
morris	which chapter?	XXII	P-1508	pen
morris	which chapter?	XXIII	P-1524	telegram
morris	which chapter?	XXV	P-1683	telegram
morris	which chapter?	XXV	P-1695	telegram
morris	which chapter?	XXV	P-1695	train
morris	which chapter?	XXV	P-1700	train
morris	which chapter?	XXVI	P-1755	typewriter
morris	which chapter?	XXVI	P-1787	gun
morris	which chapter?	XXVI	P-1792	train
morris	which chapter?	XXVI	P-1792	carriage
morris	which chapter?	XXVI	P-1795	electricity
morris	which chapter?	XXVI	P-1795	engine
morris	which chapter?	XXVI	P-1795	carriage
vanhelsing	which chapter?	X	P-440	blood transfusion
vanhelsing	which chapter?	X	P-458	blood transfusion
vanhelsing	which chapter?	X	P-458	train
vanhelsing	which chapter?	X	P-483	telegram
vanhelsing	which chapter?	X	P-495	blood transfusion
vanhelsing	which chapter?	X	P-495	medical
vanhelsing	which chapter?	XI	P-527	carriage
vanhelsing	which chapter?	XI	P-591	train
vanhelsing	which chapter?	XI	P-591	telegram
vanhelsing	which chapter?	XI	P-591	phonograph
vanhelsing	which chapter?	XII	P-630	medical
vanhelsing	which chapter?	XII	P-635	telegram
vanhelsing	which chapter?	XII	P-650	phonograph
vanhelsing	which chapter?	XIII	P-744	train
vanhelsing	which chapter?	XIII	P-786	telegram
vanhelsing	which chapter?	XIII	P-790	train
vanhelsing	which chapter?	XIII	P-790	carriage
vanhelsing	which chapter?	XVII	P-1085	telegram
vanhelsing	which chapter?	XVII	P-1094	phonograph
vanhelsing	which chapter?	XVII	P-1127	telegram
vanhelsing	which chapter?	XVII	P-1127	phonograph
vanhelsing	which chapter?	XVII	P-1140	train
vanhelsing	which chapter?	XVIII	P-1174	carriage
vanhelsing	which chapter?	XX	P-1315	train
vanhelsing	which chapter?	XX	P-1377	medical
vanhelsing	which chapter?	XXIII	P-1529	telegram
vanhelsing	which chapter?	XXIV	P-1593	phonograph
vanhelsing	which chapter?	XXV	P-1678	telegram
vanhelsing	which chapter?	XXV	P-1683	telegram
vanhelsing	which chapter?	XXV	P-1689	phonograph
vanhelsing	which chapter?	XXV	P-1689	pen
vanhelsing	which chapter?	XXV	P-1689	telegram
vanhelsing	which chapter?	XXV	P-1691	steamer
vanhelsing	which chapter?	XXV	P-1691	telegram
vanhelsing	which chapter?	XXV	P-1695	telegram
vanhelsing	which chapter?	XXV	P-1695	train
vanhelsing	which chapter?	XXV	P-1700	train
vanhelsing	which chapter?	XXVI	P-1724	train
vanhelsing	which chapter?	XXVI	P-1743	telegram
vanhelsing	which chapter?	XXVI	P-1787	gun
vanhelsing	which chapter?	XXVI	P-1792	train
vanhelsing	which chapter?	XXVI	P-1792	carriage
vanhelsing	which chapter?	XXVI	P-1795	electricity
vanhelsing	which chapter?	XXVI	P-1795	engine
vanhelsing	which chapter?	XXVI	P-1795	carriage
vanhelsing	which chapter?	XXVI	P-1799	carriage
vanhelsing	which chapter?	XXVII	P-1813	carriage
vanhelsing	which chapter?	XXVII	P-1813	train
